{
  "Elejir vuelo/purchase.php-9" : {
    "transaction" : "Elejir vuelo/purchase.php-9",
    "sampleCount" : 20,
    "errorCount" : 1,
    "errorPct" : 5.0,
    "meanResTime" : 322.49999999999994,
    "medianResTime" : 279.5,
    "minResTime" : 199.0,
    "maxResTime" : 1259.0,
    "pct1ResTime" : 476.00000000000034,
    "pct2ResTime" : 1220.5999999999995,
    "pct3ResTime" : 1259.0,
    "throughput" : 0.07031903747301506,
    "receivedKBytesPerSec" : 0.11885222080705159,
    "sentKBytesPerSec" : 0.04861902200282683
  },
  "Elejir Ciudades/reserve.php-8" : {
    "transaction" : "Elejir Ciudades/reserve.php-8",
    "sampleCount" : 20,
    "errorCount" : 0,
    "errorPct" : 0.0,
    "meanResTime" : 280.19999999999993,
    "medianResTime" : 244.0,
    "minResTime" : 195.0,
    "maxResTime" : 514.0,
    "pct1ResTime" : 420.20000000000016,
    "pct2ResTime" : 509.69999999999993,
    "pct3ResTime" : 514.0,
    "throughput" : 0.07032126268859283,
    "receivedKBytesPerSec" : 0.10263539370237933,
    "sentKBytesPerSec" : 0.04463752026131381
  },
  "Total" : {
    "transaction" : "Total",
    "sampleCount" : 79,
    "errorCount" : 1,
    "errorPct" : 1.2658228,
    "meanResTime" : 317.0506329113924,
    "medianResTime" : 288.0,
    "minResTime" : 195.0,
    "maxResTime" : 1259.0,
    "pct1ResTime" : 479.0,
    "pct2ResTime" : 530.0,
    "pct3ResTime" : 1259.0,
    "throughput" : 0.2767472736890411,
    "receivedKBytesPerSec" : 0.4174985232117397,
    "sentKBytesPerSec" : 0.18145461016293057
  },
  "Home Blazedemo/-4" : {
    "transaction" : "Home Blazedemo/-4",
    "sampleCount" : 19,
    "errorCount" : 0,
    "errorPct" : 0.0,
    "meanResTime" : 430.00000000000006,
    "medianResTime" : 406.0,
    "minResTime" : 350.0,
    "maxResTime" : 563.0,
    "pct1ResTime" : 555.0,
    "pct2ResTime" : 563.0,
    "pct3ResTime" : 563.0,
    "throughput" : 0.07027198958495144,
    "receivedKBytesPerSec" : 0.0976714197345938,
    "sentKBytesPerSec" : 0.03197924526033923
  },
  "Ingresar Datos/confirmation.php-16" : {
    "transaction" : "Ingresar Datos/confirmation.php-16",
    "sampleCount" : 20,
    "errorCount" : 0,
    "errorPct" : 0.0,
    "meanResTime" : 241.15,
    "medianResTime" : 225.5,
    "minResTime" : 209.0,
    "maxResTime" : 351.0,
    "pct1ResTime" : 295.20000000000005,
    "pct2ResTime" : 348.24999999999994,
    "pct3ResTime" : 351.0,
    "throughput" : 0.07033783261002595,
    "receivedKBytesPerSec" : 0.10472025654845223,
    "sentKBytesPerSec" : 0.058478626750532815
  }
}