{
  "Elejir vuelo/purchase.php-9" : {
    "transaction" : "Elejir vuelo/purchase.php-9",
    "sampleCount" : 20,
    "errorCount" : 4,
    "errorPct" : 20.0,
    "meanResTime" : 578.75,
    "medianResTime" : 415.0,
    "minResTime" : 230.0,
    "maxResTime" : 2808.0,
    "pct1ResTime" : 1247.5000000000011,
    "pct2ResTime" : 2732.449999999999,
    "pct3ResTime" : 2808.0,
    "throughput" : 0.06973914074404688,
    "receivedKBytesPerSec" : 0.11797083945003713,
    "sentKBytesPerSec" : 0.04821807778006367
  },
  "Elejir Ciudades/reserve.php-8" : {
    "transaction" : "Elejir Ciudades/reserve.php-8",
    "sampleCount" : 20,
    "errorCount" : 6,
    "errorPct" : 30.0,
    "meanResTime" : 620.7500000000001,
    "medianResTime" : 384.0,
    "minResTime" : 236.0,
    "maxResTime" : 1885.0,
    "pct1ResTime" : 1776.2000000000003,
    "pct2ResTime" : 1880.1499999999999,
    "pct3ResTime" : 1885.0,
    "throughput" : 0.07024099686022744,
    "receivedKBytesPerSec" : 0.10501509193668478,
    "sentKBytesPerSec" : 0.04458657027260531
  },
  "Total" : {
    "transaction" : "Total",
    "sampleCount" : 80,
    "errorCount" : 29,
    "errorPct" : 36.25,
    "meanResTime" : 883.5250000000003,
    "medianResTime" : 478.0,
    "minResTime" : 230.0,
    "maxResTime" : 11428.0,
    "pct1ResTime" : 1792.5,
    "pct2ResTime" : 2030.8500000000001,
    "pct3ResTime" : 11428.0,
    "throughput" : 0.2745565054447987,
    "receivedKBytesPerSec" : 0.4216848749824112,
    "sentKBytesPerSec" : 0.17776796393185507
  },
  "Home Blazedemo/-4" : {
    "transaction" : "Home Blazedemo/-4",
    "sampleCount" : 20,
    "errorCount" : 17,
    "errorPct" : 85.0,
    "meanResTime" : 1841.6499999999999,
    "medianResTime" : 1415.5,
    "minResTime" : 489.0,
    "maxResTime" : 11428.0,
    "pct1ResTime" : 2457.700000000001,
    "pct2ResTime" : 10981.849999999993,
    "pct3ResTime" : 11428.0,
    "throughput" : 0.07003389640586044,
    "receivedKBytesPerSec" : 0.10173038985243857,
    "sentKBytesPerSec" : 0.030277349549682045
  },
  "Ingresar Datos/confirmation.php-16" : {
    "transaction" : "Ingresar Datos/confirmation.php-16",
    "sampleCount" : 20,
    "errorCount" : 2,
    "errorPct" : 10.0,
    "meanResTime" : 492.95,
    "medianResTime" : 354.5,
    "minResTime" : 238.0,
    "maxResTime" : 1793.0,
    "pct1ResTime" : 1427.200000000002,
    "pct2ResTime" : 1779.35,
    "pct3ResTime" : 1793.0,
    "throughput" : 0.06976492707820997,
    "receivedKBytesPerSec" : 0.10494375529777414,
    "sentKBytesPerSec" : 0.05800231510550201
  }
}